{
  "defaultLocale":"pt-br",
  "localeOptions":[
    {"label": "br portuguese", "value": "pt-br"},
    {"label": "english", "value": "en"},
    {"label": "french", "value": "fr"},
    {"label": "german", "value":"de"},
    {"label": "spanish", "value":"es-ch"}
  ],
  "fhirBaseUrl":"http://localhost:57772/csp/healthshare/fhirag/fhiraccess",
  "fhirAuthorization":"Basic X3N5c3RlbTpzeXM=",
  "enableDemoReferences":true,
  "supportReferences":[
            {"header": "HealthShare Messages", "content": [{"type":"html", "url":"http://localhost:57772/csp/healthshare/fhirag/EnsPortal.MessageViewer.zen?$NAMESPACE=FHIRAG"}]},
            {"header": "Consent Manager", "content": [{"type":"html", "url":"http://localhost:57772/csp/healthshare/hsregistry/HS.UI.Consent.CIPatient.cls"}]},
            {"header": "HS x FHIR DTL", "content": [{"type":"html", "url":"http://localhost:57772/csp/healthshare/fhirag/EnsPortal.DTLEditor.zen?DT=HS.FHIR.DTL.FromSDA.Appointment.dtl"}]},
            {"header": "FHIR Patient Resource", "content": [{"type":"html", "url":"https://www.hl7.org/fhir/patient-example.json.html"}]},
            {"header": "HS FHIR Arquitecture", "content": [{"type":"images", "panelWidth": "800", "panelHeight":"442", "images":
                [
                    {"source":"assets/demo/images/fhir/arquitecture.png", "alt":"HS FHIR Service Arquitecture", "title":"FHIR"}
                ]
             }]}
   ],
   "enableSocketServer":false,
   "messageSocketServer":"http://18.220.208.146:3000"
}
