{
  "global_dateFormat": "dd.MM.yyyy",
  "global_datetimeFormat": "dd.MM.yyyy hh:mm",
  "global_datetimeFormat2": "dd.MM.yy hh:mm",
  "global_chartDateFormat": "DD.MM.YY",
  "global_inputDateFormat": "dd.mm.yy",
  "global_calendar_locale":"de",

  "header_configuration":"Konfiguration",

  "label_patientSearchTitle": "Patientensuche - FHIR PDQm",

  "label_fullname": "Name",
  "label_address": "Adresse",
  "btn_EHR": "EHR anzeigen",
  "placeholder_firstname": "Vorname",
  "tooltip_firstname": "Vorname",
  "placeholder_birthDate": "Geburtsdatum",
  "placeholder_lastname": "Nachname",
  "placeholder_address": "Adresse",
  "tooltip_address": "Adresse",
  "btn_patientsSearch": "Suchen",
  "table_noDataMessage": "Keine Daten gefunden",
  "header_seachResults": "Suchergebnisse",
  "tooltip_lastname": "Nachname",
  "label_birthDate": "Geburtsdatum",
  "label_gender": "Geschlecht",
  "placeholder_gender" : "Geschlecht",
  "placeholder_identifier" : "Identifikation",
  "tooltip_identifier" : "Identifikation",

  "male": "männlich",
  "female": "weiblich",
  "all" : "alle",

  "label_phoneHome" : "Telefonnummer",
  "label_phoneWork" : "Geschäftl. Telefonnummer",
  "label_addressCity": "Stadt",
  "label_addressState": "Bundesland",
  "label_firstname": "Vorname",
  "label_lastname": "Nachname",
  "label_postalCode": "Postleitzahl",
  "label_identifiers": "Identifikation",
  "header_demographics": "Demographics",
  "label_deceased": "Verstorben",

  "header_encounters": "Besuche",
  "table_header_encounters":"Besuchsliste",
  "col_header_encounterAdmissionDate": "Aufnahme",
  "col_header_encounterType": "Art",
  "col_header_encounterFacility": "Einrichtung",
  "col_header_encounterNumber": "Besuchsnummer",
  "col_header_encounterWard": "Station",
  "col_header_encounterDischargeDate": "Entlassungsdatum",
  "calendar_header_encounters": "Kalender - Letzte Besuche",
  "label_encounterAdmissionDate": "Aufnahmedatum",
  "label_encounterType": "Art",
  "label_encounterFacility": "Einrichtung",
  "label_encounterNumber": "Besuchsnummer",
  "label_encounterWard": "Station",
  "label_encounterClinician": "Beratender Arzt",
  "label_encounterDischargeDate": "Entlassungsdatum",

  "header_diagnoses": "Diagnosen",
  "table_header_diagnoses":"Diagnosenliste",
  "col_header_diagnosisName": "Diagnose",
  "col_header_diagnosisDateRecorded": "Datum",
  "col_header_diagnosisAsserter": "Feststellender Arzt",
  "label_diagnosisName": "Diagnose",
  "label_diagnosisDateRecorded": "Datum",
  "label_diagnosisAsserter": "Feststellender Arzt",
  "label_diagnosisStatus": "Status",
  "label_diagnosisCategory": "Kategorie",
  "label_diagnosisLastUpdated": "Zuletzt aktualisiert",

  "chart_summaryEncountersTitle": "Besuche",
  "chart_summaryEncountersSubtitle": "Anzahl der Visiten",
  "chart_summaryAllergiesTitle": "Allergien",
  "chart_summaryAllergiesSubtitle": "Anzahl der Einträge",
  "chart_summaryLaboratoryTitle": "Lab. Berichte",
  "chart_summaryLaboratorySubtitle": "Anzahl der Berichte",
  "chart_summaryDiagnosisInitials": "DG",
  "chart_summaryDiagnosisTitle": "Diagnosen",
  "chart_summaryVitalsInitials": "VS",
  "chart_summaryVitalsTitle": "Vitalfunktionen",
  "chart_summaryMedicationsInitials": "MD",
  "chart_summaryMedicationsTitle": "Medikamente",
  "chart_summaryRadiologyInitials": "RR",
  "chart_summaryRadiologyTitle": "Rad. Berichte",
  "lastEncounters_header_summary": "Letzte Besuche",
  "calendar_header_summary": "Kalender - Letzte Besuche",

  "topmenu_messages": "Nachrichten",
  "topmenu_configuration": "Konfig.",
  "topbar_ageYears": "Jahr(e) alt",
  "topbar_ageMonths": "Monate",
  "menu_summary": "Zusammenfassung",
  "menu_demographics": "Demographics",
  "menu_encounters": "Besuche",
  "menu_diagnosis": "Diagnosen",
  "menu_labReports": "Lab. Berichte",
  "menu_radReports": "Rad. Berichte",
  "menu_vitals": "Vitalfunktionen",
  "menu_allergies": "Allergien",
  "menu_medications": "Medikamente",
  "menu_appointments": "Termine",
  "menu_procedures": "Operationen",
  "menu_patientSearch": "Patientensuche (PDQm)",
  "menu_exit": "Exit",
  "menu_informationExchange": "Information Exchange",
  "menu_fhirClinicalData": "Elektronische Patientenakte (FHIR)",

  "header_labReports": "Lab. Berichte",
  "header_radReports": "Rad. Berichte",
  "placeholder_testSearch": "Testsuche",
  "col_header_test": "Testname",
  "col_header_result": "Ergebnis",
  "label_allTests": "Alle",

  "table_header_results": "Testergebnisse",
  "table_header_order": "Aufträge",
  "col_header_resultItem": "Testeintrag",
  "col_header_referenceRange": "Normalbereicht",
  "header_chartTitleResults": "Kumulative Grafik",
  "btn_chartBackToResults": "Ergebnisse",

  "header_orderDetails": "Auftragsdetails",
  "label_orderDetailsNumber": "Auftragsnummer",
  "label_orderDetailsItem": "Auftragseintrag",
  "label_orderDetailsPrescriber": "Verschreiber",
  "label_orderDetailsLastUpdated": "Zuletzt aktualisiert",
  "label_orderDetailsPriority": "Priorität",
  "label_orderDetailsStatus": "Status",

  "header_allergies": "Allergien",
  "table_header_allergies":"Allergienliste",
  "col_header_allergySubstance": "Substanz",
  "col_header_allergyReaction": "Reaktion",
  "col_header_allergyCategory": "Kategorie",
  "label_allergyStatus": "Status",
  "label_allergyReaction": "Reaktion",
  "label_allergySubstance": "Substanz",
  "label_allergyPartRecorder": "Feststellender Arzt",
  "label_allergyLastUpdated": "Zuletzt aktualisiert",

  "table_header_vitals":"Vitalfunktionen",
  "col_header_vitalsObsItems": "Beobachtungsposten",

  "header_medications": "Medikamente",
  "table_header_medOrder": "Medikamentenauftrag",
  "col_header_medOrderDate": "Auftragsdatum",
  "col_header_medOrderPrescriber": "Verschreibender Arzt",
  "col_header_medOrderMedication": "Medikament",
  "col_header_medOrderStartDate": "Anfangsdatum",
  "label_medOrderDate": "Auftragsdatum",
  "label_medOrderStatus": "Status",
  "label_medOrderMedication": "Medikament",
  "label_medOrderStartDate": "Anweisungen (Start)",
  "label_medOrderRoute": "Anweisungen (Art)",
  "label_medOrderRouteDose": "Anweisungen (Dosis)",
  "label_medOrderPeriod": "Anweisungen (Zeitintervall)",
  "label_medOrderPrescriber": "Verschreibender Arzt",

  "table_header_dispense": "Dosierung",
  "col_header_dispenseStartDate": "Anfangsdatum",
  "col_header_dispenseStatus": "Status",
  "col_header_dispenseMedication": "Medikament",
  "col_header_dispensePrescriber": "Verschreibender Arzt",
  "col_header_dispenseOrderDate": "Auftragsdatum",
  "label_dispenseStatus": "Status",
  "label_dispenseOrderDate": "Auftragsdatum",
  "label_dispenseStartDate": "Anweisungen (Start)",
  "label_dispenseMedication": "Medikament",
  "label_dispenseRoute": "Anweisungen (Art)",
  "label_dispenseRouteDose": "Anweisungen (Dosis)",
  "label_dispensePeriod": "Anweisungen (Zeitintervall)",
  "label_dispensePrescriber": "Verschreibender Arzt",

  "header_procedures": "Operationen",
  "col_header_procedure": "Operation",
  "col_header_procedureDate": "Datum",
  "col_header_procedurePerformer": "Chirurg",
  "label_procedure": "Operation",
  "label_procedureDate": "Datum",
  "label_procedurePerformer": "Chirurg",
  "label_procedureLastUpdated": "Zuletzt aktualisiert",

  "header_appointments": "Termine",
  "table_header_appointments":"Terminliste",
  "col_header_appointmentStart": "Anfang",
  "col_header_appointmentEnd": "Ende",
  "col_header_appointmentType": "Art",
  "col_header_appointmentFacility": "Standort",
  "col_header_appointmentStatus": "Status",
  "label_appointmentStart": "Anfang",
  "label_appointmentEnd": "Ende",
  "label_appointmentType": "Art",
  "label_appointmentStatus": "Status",
  "label_appointmentConsClinician": "Beratender Arzt",
  "label_appointmentInstructions": "Anweisungen",
  "calendar_header_appointments": "Zeitplan"

}
