{
  "global_dateFormat": "MM/dd/yyyy",
  "global_datetimeFormat": "MM/dd/yyyy hh:mm",
  "global_datetimeFormat2": "MM/dd/yy hh:mm",
  "global_chartDateFormat": "MM/DD/YY",
  "global_inputDateFormat": "mm/dd/yy",
  "global_calendar_locale":"en",

  "header_configuration":"Configuration",

  "label_patientSearchTitle": "Patient Search - FHIR PDQm",

  "label_fullname": "Name",
  "label_address": "Address",
  "btn_EHR": "Show EHR",
  "placeholder_firstname": "First Name",
  "tooltip_firstname": "First Name",
  "placeholder_birthDate": "Birthdate",
  "placeholder_lastname": "Last Name",
  "placeholder_address": "Address Line",
  "tooltip_address": "Address Line",
  "btn_patientsSearch": "Search",
  "table_noDataMessage": "No data found",
  "header_seachResults": "Search Results",
  "tooltip_lastname": "Last Name",
  "label_birthDate": "Birthdate",
  "label_gender": "Gender",
  "placeholder_gender" : "Gender",
  "placeholder_identifier" : "Identifier",
  "tooltip_identifier" : "Identifier",

  "label_phoneHome" : "Home Phone",
  "label_phoneWork" : "Work Phone",
  "label_addressCity": "City",
  "label_addressState": "State",
  "label_firstname": "First Name",
  "label_lastname": "Last Name",
  "label_postalCode": "Postal Code",
  "label_identifiers": "Identifiers",
  "header_demographics": "Demographics",
  "label_deceased": "Deceased",

  "header_encounters": "Encounters",
  "table_header_encounters":"Encounters List",
  "col_header_encounterAdmissionDate": "Admission",
  "col_header_encounterType": "Type",
  "col_header_encounterFacility": "Facility",
  "col_header_encounterNumber": "Encounter Number",
  "col_header_encounterWard": "Source",
  "col_header_encounterDischargeDate": "Discharge Date",
  "calendar_header_encounters": "Calendar - Last Encounters",
  "label_encounterAdmissionDate": "Admission Date",
  "label_encounterType": "Type",
  "label_encounterFacility": "Facility",
  "label_encounterNumber": "Encounter Number",
  "label_encounterWard": "Source",
  "label_encounterClinician": "Consulting Clinician",
  "label_encounterDischargeDate": "Discharge Date",

  "header_diagnoses": "Diagnoses",
  "table_header_diagnoses":"Diagnoses List",
  "col_header_diagnosisName": "Diagnosis",
  "col_header_diagnosisDateRecorded": "Date",
  "col_header_diagnosisAsserter": "Asserter",
  "label_diagnosisName": "Diagnosis",
  "label_diagnosisDateRecorded": "Date",
  "label_diagnosisAsserter": "Asserter",
  "label_diagnosisStatus": "Clinical Status",
  "label_diagnosisCategory": "Category",
  "label_diagnosisLastUpdated": "Last Updated",

  "chart_summaryEncountersTitle": "Encounters",
  "chart_summaryEncountersSubtitle": "number of episodes",
  "chart_summaryAllergiesTitle": "Allergies",
  "chart_summaryAllergiesSubtitle": "number of records",
  "chart_summaryLaboratoryTitle": "Lab. Reports",
  "chart_summaryLaboratorySubtitle": "number of reports",
  "chart_summaryDiagnosisInitials": "DG",
  "chart_summaryDiagnosisTitle": "Diagnoses",
  "chart_summaryVitalsInitials": "VS",
  "chart_summaryVitalsTitle": "Vital Signs",
  "chart_summaryMedicationsInitials": "MD",
  "chart_summaryMedicationsTitle": "Medications",
  "chart_summaryRadiologyInitials": "RR",
  "chart_summaryRadiologyTitle": "Rad. Reports",
  "lastEncounters_header_summary": "Last Encounters",
  "calendar_header_summary": "Calendar - Last Encounters",

  "topmenu_messages": "Messages",
  "topmenu_configuration": "Config.",
  "topbar_ageYears": "year(s) old",
  "topbar_ageMonths": "month(s)",
  "menu_summary": "Summary",
  "menu_demographics": "Demographics",
  "menu_encounters": "Encounters",
  "menu_diagnosis": "Diagnoses",
  "menu_labReports": "Lab. Reports",
  "menu_radReports": "Rad. Reports",
  "menu_vitals": "Vital Signs",
  "menu_allergies": "Allergies",
  "menu_medications": "Medications",
  "menu_appointments": "Appointments",
  "menu_procedures": "Procedures",
  "menu_patientSearch": "Patient Search (PDQm)",
  "menu_exit": "Exit",
  "menu_informationExchange": "Information Exchange",
  "menu_fhirClinicalData": "Electr. Health Record (FHIR)",

  "header_labReports": "Lab. Reports",
  "header_radReports": "Rad. Reports",
  "placeholder_testSearch": "Test Search",
  "col_header_test": "Test Name",
  "col_header_result": "Result",
  "label_allTests": "All",

  "table_header_results": "Test Results",
  "table_header_order": "Order",
  "col_header_resultItem": "Test Item",
  "col_header_referenceRange": "Reference Range",
  "header_chartTitleResults": "Cumulative Graph",
  "btn_chartBackToResults": "Results",

  "header_orderDetails": "Order Details",
  "label_orderDetailsNumber": "Order Number",
  "label_orderDetailsItem": "Order Item",
  "label_orderDetailsPrescriber": "Prescriber",
  "label_orderDetailsLastUpdated": "Last Updated",
  "label_orderDetailsPriority": "Priority",
  "label_orderDetailsStatus": "Status",

  "header_allergies": "Allergies",
  "table_header_allergies":"Allergies List",
  "col_header_allergySubstance": "Substance",
  "col_header_allergyReaction": "Reaction",
  "col_header_allergyCategory": "Category",
  "label_allergyStatus": "Clinical Status",
  "label_allergyReaction": "Reaction",
  "label_allergySubstance": "Substance",
  "label_allergyPartRecorder": "Part. Recorder",
  "label_allergyLastUpdated": "Last Updated",

  "table_header_vitals":"Vital Signs",
  "col_header_vitalsObsItems": "Observation Items",

  "header_medications": "Medications",
  "table_header_medOrder": "Medication Orders",
  "col_header_medOrderDate": "Order Date",
  "col_header_medOrderPrescriber": "Prescriber",
  "col_header_medOrderMedication": "Medication",
  "col_header_medOrderStartDate": "Start Date",
  "label_medOrderDate": "Order Date",
  "label_medOrderStatus": "Status",
  "label_medOrderMedication": "Medication",
  "label_medOrderStartDate": "Instructions (Start)",
  "label_medOrderRoute": "Instructions (Route)",
  "label_medOrderRouteDose": "Instructions (Dose)",
  "label_medOrderPeriod": "Instructions (Period)",
  "label_medOrderPrescriber": "Prescriber",

  "table_header_dispense": "Dispense",
  "col_header_dispenseStartDate": "Start Date",
  "col_header_dispenseStatus": "Status",
  "col_header_dispenseMedication": "Medication",
  "col_header_dispensePrescriber": "Prescriber",
  "col_header_dispenseOrderDate": "Order Date",
  "label_dispenseStatus": "Status",
  "label_dispenseOrderDate": "Order Date",
  "label_dispenseStartDate": "Instructions (Start)",
  "label_dispenseMedication": "Medication",
  "label_dispenseRoute": "Instructions (Route)",
  "label_dispenseRouteDose": "Instructions (Dose)",
  "label_dispensePeriod": "Instructions (Period)",
  "label_dispensePrescriber": "Prescriber",

  "header_procedures": "Procedures",
  "col_header_procedure": "Procedure",
  "col_header_procedureDate": "Date",
  "col_header_procedurePerformer": "Performer",
  "label_procedure": "Procedure",
  "label_procedureDate": "Date",
  "label_procedurePerformer": "Performer",
  "label_procedureLastUpdated": "Last Updated",

  "header_appointments": "Appointments",
  "table_header_appointments":"Appointment List",
  "col_header_appointmentStart": "Start",
  "col_header_appointmentEnd": "End",
  "col_header_appointmentType": "Type",
  "col_header_appointmentFacility": "Facility",
  "col_header_appointmentStatus": "Status",
  "label_appointmentStart": "Start",
  "label_appointmentEnd": "End",
  "label_appointmentType": "Type",
  "label_appointmentStatus": "Status",
  "label_appointmentConsClinician": "Cons. Clinician",
  "label_appointmentInstructions": "Instructions",
  "calendar_header_appointments": "Schedules"

}
