{
  "global_dateFormat": "dd/MM/yyyy",
  "global_datetimeFormat": "dd/MM/yyyy hh:mm",
  "global_datetimeFormat2": "dd/MM/yy hh:mm",
  "global_chartDateFormat": "DD/MM/YY",
  "global_inputDateFormat": "dd/mm/yy",
  "global_calendar_locale":"es-ch",

  "header_configuration":"Configuración",

  "label_patientSearchTitle": "Búsqueda de Paciente - FHIR PDQm",

  "label_fullname": "Nombre",
  "label_address": "Ubicación",
  "btn_EHR": "Ver RCE",
  "placeholder_firstname": "Nombre",
  "tooltip_firstname": "Nombre del Paciente",
  "placeholder_birthDate": "Fecha Nacimiento",
  "placeholder_lastname": "Apellido",
  "placeholder_address": "Dirección",
  "tooltip_address": "Dirección",
  "btn_patientsSearch": "Buscar Pacientes",
  "table_noDataMessage": "Sin datos para mostrar",
  "header_seachResults": "Resultados de Búsqueda",
  "tooltip_lastname": "Apellido del Paciente",
  "label_birthDate": "Fecha Nacimiento",
  "label_gender": "Sexo",
  "placeholder_gender" : "Sexo",
  "placeholder_identifier" : "Idenfificación",
  "tooltip_identifier" : "Idenfificación",

  "male": "masculino",
  "female": "femenino",
  "inpatient": "hospitalizado",
  "outpatient": "ambulatorio",
  "emergency": "urgencia",
  "Heart Rate" : "Frecuencia Cardiaca",
  "BP Diastolic" : "Presión Diastólica",
  "BP Systolic" : "Presión Sistólica",
  "Respiratory Rate" : "Frecuencia Respitatoria",
  "Body Temperature" : "Temperatura",
  "all" : "todos",
  "Active" : "Activo",
  "active" : "activo",
  "routine" : "rutina",
  "partial" : "parcial",
  "in-progress" : "en progreso",
  "noshow" : "no se presentó",

  "label_phoneHome" : "Teléfono 1",
  "label_phoneWork" : "Teléfono 2",
  "label_addressCity": "Comuna",
  "label_addressState": "Provincia",
  "label_firstname": "Nombre",
  "label_lastname": "Apellido",
  "label_postalCode": "ZIP",
  "label_identifiers": "Identificaciones",
  "header_demographics": "Datos Demográficos",
  "label_deceased": "fallecido",

  "header_encounters": "Atenciones",
  "table_header_encounters":"Lista de Atenciones",
  "col_header_encounterAdmissionDate": "Admisión",
  "col_header_encounterType": "Tipo",
  "col_header_encounterFacility": "Establecimiento",
  "col_header_encounterNumber": "Atención",
  "col_header_encounterWard": "Local",
  "col_header_encounterDischargeDate": "Alta",
  "calendar_header_encounters": "Calendario Últimas Atenciones",
  "label_encounterAdmissionDate": "Admisión",
  "label_encounterType": "Tipo",
  "label_encounterFacility": "Establecimiento",
  "label_encounterNumber": "Id. Atención",
  "label_encounterWard": "Local",
  "label_encounterClinician": "Profesional Atención",
  "label_encounterDischargeDate": "Alta",

  "header_diagnoses": "Diagnósticos",
  "table_header_diagnoses":"Lista de Diagnósticos",
  "col_header_diagnosisName": "Diagnóstico",
  "col_header_diagnosisDateRecorded": "Fecha Registro",
  "col_header_diagnosisAsserter": "Responsable Registro",
  "label_diagnosisName": "Diagnóstico",
  "label_diagnosisDateRecorded": "Fecha Registro",
  "label_diagnosisAsserter": "Responsable Registro",
  "label_diagnosisStatus": "Status Clínico",
  "label_diagnosisCategory": "Categoria",
  "label_diagnosisLastUpdated": "Fecha Atualización",

  "chart_summaryEncountersTitle": "Atenciones",
  "chart_summaryEncountersSubtitle": "Número de episodios",
  "chart_summaryAllergiesTitle": "Reacciones / Alergias",
  "chart_summaryAllergiesSubtitle": "Número de registros",
  "chart_summaryLaboratoryTitle": "Ex. de Laboratorio",
  "chart_summaryLaboratorySubtitle": "Número de resultados",
  "chart_summaryDiagnosisInitials": "DG",
  "chart_summaryDiagnosisTitle": "Diagnósticos",
  "chart_summaryVitalsInitials": "SV",
  "chart_summaryVitalsTitle": "Signos Vitales",
  "chart_summaryMedicationsInitials": "MD",
  "chart_summaryMedicationsTitle": "Medicaciones",
  "chart_summaryRadiologyInitials": "IM",
  "chart_summaryRadiologyTitle": "Ex. de Imagenología",
  "lastEncounters_header_summary": "Últimas Atenciones",
  "calendar_header_summary": "Calendario Últimas Atenciones",

  "topmenu_messages": "Mensajes",
  "topmenu_configuration": "Config.",
  "menu_summary": "Resumen",
  "menu_demographics": "Demográficos",
  "menu_encounters": "Atenciones",
  "menu_diagnosis": "Diagnósticos",
  "menu_labReports": "Ex. de Laboratorio",
  "menu_radReports": "Ex. de Imagenología",
  "menu_vitals": "Signos Vitales",
  "menu_allergies": "Alergias",
  "menu_medications": "Medicaciones",
  "menu_appointments": "Citas",
  "menu_procedures": "Procedimientos",
  "menu_patientSearch": "Búsqueda de Pacientes (PDQm)",
  "menu_exit": "Salir",
  "menu_informationExchange": "Information Exchange",
  "menu_fhirClinicalData": "Reg. Clin. Eletronico (FHIR)",
  "topbar_ageYears":"Año(s)",
  "topmenu_ageMonths":"Meses",


  "header_labReports": "Exámenes de Laboratorio",
  "header_radReports": "Exámenes de Imagenología",
  "placeholder_testSearch": "Buscar Exámenes",
  "col_header_test": "Exámen",
  "col_header_result": "Resultado",
  "label_allTests": "TODOS",

  "table_header_results": "Resultados Exámen",
  "table_header_order": "Orden",
  "col_header_resultItem": "Ítens de Exámen",
  "col_header_referenceRange": "Rango de Referencia",
  "header_chartTitleResults": "Resultado Acumulado",
  "btn_chartBackToResults": "Result.",

  "header_orderDetails": "Detalles de Orden",
  "label_orderDetailsNumber": "Número de Orden",
  "label_orderDetailsItem": "Íten de Orden",
  "label_orderDetailsPrescriber": "Prescriptor",
  "label_orderDetailsLastUpdated": "Fecha Atualización",
  "label_orderDetailsPriority": "Prioridad",
  "label_orderDetailsStatus": "Status",

  "header_allergies": "Alergias",
  "table_header_allergies":"Lista de Alergias",
  "col_header_allergySubstance": "Sustancia",
  "col_header_allergyReaction": "Reacción",
  "col_header_allergyCategory": "Categoría",
  "label_allergyStatus": "Status Clinico",
  "label_allergyReaction": "Reacción",
  "label_allergySubstance": "Sustancia",
  "label_allergyPartRecorder": "Responsable Registro",
  "label_allergyLastUpdated": "Fecha Atualización",

  "table_header_vitals":"Signos Vitales",
  "col_header_vitalsObsItems": "Itens de Observación",

  "header_medications": "Medicaciones",
  "table_header_medOrder": "Recetas",
  "col_header_medOrderDate": "Prescrito en",
  "col_header_medOrderPrescriber": "Profesional",
  "col_header_medOrderMedication": "Medicación/Droga",
  "col_header_medOrderStartDate": "Inicializar en",
  "label_medOrderDate": "Fecha Receta",
  "label_medOrderStatus": "Status",
  "label_medOrderMedication": "Medicación/Droga",
  "label_medOrderStartDate": "Instrucción (Inicio)",
  "label_medOrderRoute": "Instrucción (Ruta)",
  "label_medOrderRouteDose": "Instrucción (Dosagem)",
  "label_medOrderPeriod": "Instrucciones (Periodo)",
  "label_medOrderPrescriber": "Prescriptor",

  "table_header_dispense": "Dispensaciones",
  "col_header_dispenseStartDate": "Inicio",
  "col_header_dispenseStatus": "Status",
  "col_header_dispenseMedication": "Medicación/Droga",
  "col_header_dispensePrescriber": "Prof. Prescriptor",
  "col_header_dispenseOrderDate": "Fecha Receta",
  "label_dispenseStatus": "Status",
  "label_dispenseOrderDate": "Fecha Receta",
  "label_dispenseStartDate": "Instrucción (Inicio)",
  "label_dispenseMedication": "Medicación/Droga",
  "label_dispenseRoute": "Instrucción (Ruta)",
  "label_dispenseRouteDose": "Instrucción (Dosagem)",
  "label_dispensePeriod": "Instrucciones (Periodo)",
  "label_dispensePrescriber": "Prescriptor",

  "header_procedures": "Procedimientos",
  "col_header_procedure": "Procedimiento",
  "col_header_procedureDate": "Ejecutado en",
  "col_header_procedurePerformer": "Ejecutante",
  "label_procedure": "Procedimiento",
  "label_procedureDate": "Fecha Ejecución",
  "label_procedurePerformer": "Responsable Ejecución",
  "label_procedureLastUpdated": "Fecha Atualización",

  "header_appointments": "Atenciones",
  "table_header_appointments":"Lista de Atenciones",
  "col_header_appointmentStart": "Inicio",
  "col_header_appointmentEnd": "Término",
  "col_header_appointmentType": "Tipo",
  "col_header_appointmentFacility": "Establecimiento",
  "col_header_appointmentStatus": "Status",
  "label_appointmentStart": "Inicio",
  "label_appointmentEnd": "Término",
  "label_appointmentType": "Tipo",
  "label_appointmentStatus": "Status",
  "label_appointmentConsClinician": "Profesional",
  "label_appointmentInstructions": "Instrucciones",
  "calendar_header_appointments": "Calendario"

}
