{
  "global_dateFormat": "dd/MM/yyyy",
  "global_datetimeFormat": "dd/MM/yyyy hh:mm",
  "global_datetimeFormat2": "dd/MM/yy hh:mm",
  "global_chartDateFormat": "DD/MM/YY",
  "global_inputDateFormat": "dd/mm/yy",
  "global_calendar_locale":"fr",

  "header_configuration":"Configuration",

  "label_patientSearchTitle": "Recherche de Patient - FHIR PDQm",

  "label_fullname": "Nom",
  "label_address": "Adresse",
  "btn_EHR": "Voir le Dossier Patient",
  "placeholder_firstname": "Prénom",
  "tooltip_firstname": "Prénom du patient",
  "placeholder_birthDate": "Date de naissance",
  "placeholder_lastname": "Nom de famille",
  "placeholder_address": "Adresse",
  "tooltip_address": "Adresse",
  "btn_patientsSearch": "Rechercher",
  "table_noDataMessage": "Aucun résultat trouvé",
  "header_seachResults": "Résultats de la recherche",
  "tooltip_lastname": "Nom de famille du patient",
  "label_birthDate": "Date de naissance",
  "label_gender": "Sexe",
  "placeholder_gender" : "Sexe",
  "placeholder_identifier" : "Numéro d'identifiant",
  "tooltip_identifier" : "Numéro d'identifiant",

  "male": "homme",
  "female": "femme",
  "inpatient": "hospitalisation",
  "outpatient": "ambulatoire",
  "emergency": "urgence",
  "Heart Rate" : "Fréquence des pulsations cardiaques",
  "BP Diastolic" : "Pression diastolique",
  "BP Systolic" : "Pression systolique",
  "Respiratory Rate" : "Fréquence respiratoire",
  "Body Temperature" : "Température",
  "all" : "tous",
  "Active" : "Actif/Active",
  "active" : "actif/active",
  "routine" : "routine",
  "partial" : "partiel(le)",
  "in-progress" : "en cours",
  "noshow" : "absent(e)",

  "label_phoneHome" : "Téléphone (domicile)",
  "label_phoneWork" : "Téléphone (travail)",
  "label_addressCity": "Ville",
  "label_addressState": "Région",
  "label_firstname": "Prénom",
  "label_lastname": "Nom de famille",
  "label_postalCode": "Code postal",
  "label_identifiers": "Identifiants",
  "header_demographics": "Données administratives",
  "label_deceased": "décédé(e)",

  "header_encounters": "Épisodes",
  "table_header_encounters":"Liste des épisodes",
  "col_header_encounterAdmissionDate": "Heure d'admission",
  "col_header_encounterType": "Type",
  "col_header_encounterFacility": "Établissement",
  "col_header_encounterNumber": "Numéro de référence",
  "col_header_encounterWard": "Service",
  "col_header_encounterDischargeDate": "Heure de décharge",
  "calendar_header_encounters": "Calendrier - Épisodes récents",
  "label_encounterAdmissionDate": "Date et heure d'admission",
  "label_encounterType": "Type",
  "label_encounterFacility": "Établissement",
  "label_encounterNumber": "Numéro de référence",
  "label_encounterWard": "Service",
  "label_encounterClinician": "Médecin en consultation",
  "label_encounterDischargeDate": "Date et heure de décharge",

  "header_diagnoses": "Diagnostics",
  "table_header_diagnoses":"Liste de Diagnostics",
  "col_header_diagnosisName": "Diagnostic",
  "col_header_diagnosisDateRecorded": "Date",
  "col_header_diagnosisAsserter": "Établi par",
  "label_diagnosisName": "Diagnostic",
  "label_diagnosisDateRecorded": "Date d'enregistrement",
  "label_diagnosisAsserter": "Établi par",
  "label_diagnosisStatus": "État",
  "label_diagnosisCategory": "Catégorie",
  "label_diagnosisLastUpdated": "Dernière mise à jour",

  "chart_summaryEncountersTitle": "Épisodes",
  "chart_summaryEncountersSubtitle": "Nombre d'épisodes",
  "chart_summaryAllergiesTitle": "Allergies",
  "chart_summaryAllergiesSubtitle": "Nombre enregistré",
  "chart_summaryLaboratoryTitle": "Résultats de laboratoire",
  "chart_summaryLaboratorySubtitle": "Nombre de résultats",
  "chart_summaryDiagnosisInitials": "DG",
  "chart_summaryDiagnosisTitle": "Diagnostics",
  "chart_summaryVitalsInitials": "SV",
  "chart_summaryVitalsTitle": "Signes Vitaux",
  "chart_summaryMedicationsInitials": "MD",
  "chart_summaryMedicationsTitle": "Prescr. médicament.",
  "chart_summaryRadiologyInitials": "RD",
  "chart_summaryRadiologyTitle": "Résultats d'imagerie",
  "lastEncounters_header_summary": "Épisodes récents",
  "calendar_header_summary": "Calendrier - Épisodes récents",

  "topmenu_messages": "Messages",
  "topmenu_configuration": "Config.",
  "menu_summary": "Résumé",
  "menu_demographics": "Données administrat.",
  "menu_encounters": "Épisodes",
  "menu_diagnosis": "Diagnostics",
  "menu_labReports": "Laboratoire",
  "menu_radReports": "Imagerie médicale",
  "menu_vitals": "Signes Vitaux",
  "menu_allergies": "Allergies",
  "menu_medications": "Médicaments",
  "menu_appointments": "Rendez-vous",
  "menu_procedures": "Procédures",
  "menu_patientSearch": "Recherche de Patients (PDQm)",
  "menu_exit": "Quitter",
  "menu_informationExchange": "Information Exchange",
  "menu_fhirClinicalData": "Dossier patient (FHIR)",
  "topbar_ageYears":"An(s)",
  "topmenu_ageMonths":"Mois",


  "header_labReports": "Résultats de laboratoire",
  "header_radReports": "Résultats d'imagerie",
  "placeholder_testSearch": "Recherche examen",
  "col_header_test": "Examen",
  "col_header_result": "Résultat",
  "label_allTests": "TOUT",

  "table_header_results": "Résultats",
  "table_header_order": "Prescription",
  "col_header_resultItem": "Examen",
  "col_header_referenceRange": "Intervalle de référence",
  "header_chartTitleResults": "Vue cumulative",
  "btn_chartBackToResults": "Résultats",

  "header_orderDetails": "Details de la prescription d'examen",
  "label_orderDetailsNumber": "Numéro de prescription",
  "label_orderDetailsItem": "Examen",
  "label_orderDetailsPrescriber": "Prescripteur",
  "label_orderDetailsLastUpdated": "Dernière mise à jour",
  "label_orderDetailsPriority": "Priorité",
  "label_orderDetailsStatus": "État",

  "header_allergies": "Allergies",
  "table_header_allergies":"Liste des allergies connues",
  "col_header_allergySubstance": "Substance",
  "col_header_allergyReaction": "Réaction",
  "col_header_allergyCategory": "Catégorie",
  "label_allergyStatus": "État",
  "label_allergyReaction": "Réaction",
  "label_allergySubstance": "Substance",
  "label_allergyPartRecorder": "Établi par",
  "label_allergyLastUpdated": "Dernière mise à jour",

  "table_header_vitals":"Signes Vitaux",
  "col_header_vitalsObsItems": "Observations",

  "header_medications": "Prescriptions médicamenteuses",
  "table_header_medOrder": "Prescriptions médicamenteuses",
  "col_header_medOrderDate": "Date de prescription",
  "col_header_medOrderPrescriber": "Médecin prescripteur",
  "col_header_medOrderMedication": "Médicament",
  "col_header_medOrderStartDate": "Date de début",
  "label_medOrderDate": "Date de prescription",
  "label_medOrderStatus": "État",
  "label_medOrderMedication": "Médicament",
  "label_medOrderStartDate": "Instructions (Date de début)",
  "label_medOrderRoute": "Instructions (Voie)",
  "label_medOrderRouteDose": "Instructions (Dosage)",
  "label_medOrderPeriod": "Instructions (Posologie/rythme)",
  "label_medOrderPrescriber": "Médecin prescripteur",

  "table_header_dispense": "Préparations",
  "col_header_dispenseStartDate": "Date de début",
  "col_header_dispenseStatus": "État",
  "col_header_dispenseMedication": "Médicament",
  "col_header_dispensePrescriber": "Médecin prescripteur",
  "col_header_dispenseOrderDate": "Date de prescription",
  "label_dispenseStatus": "État",
  "label_dispenseOrderDate": "Date de prescription",
  "label_dispenseStartDate": "Instructions (Date de début)",
  "label_dispenseMedication": "Médicament",
  "label_dispenseRoute": "Instructions (Voie)",
  "label_dispenseRouteDose": "Instructions (Dosage)",
  "label_dispensePeriod": "Instructions (Posologie/rythme)",
  "label_dispensePrescriber": "Médecin prescripteur",

  "header_procedures": "Procédures",
  "col_header_procedure": "Procédure",
  "col_header_procedureDate": "Date",
  "col_header_procedurePerformer": "Médecin",
  "label_procedure": "Procédure",
  "label_procedureDate": "Date",
  "label_procedurePerformer": "Médecin",
  "label_procedureLastUpdated": "Dernière mise à jour",

  "header_appointments": "Rendez-vous",
  "table_header_appointments":"Liste de rendez-vous",
  "col_header_appointmentStart": "Début",
  "col_header_appointmentEnd": "Fin",
  "col_header_appointmentType": "Type",
  "col_header_appointmentFacility": "Établissement",
  "col_header_appointmentStatus": "État",
  "label_appointmentStart": "Début",
  "label_appointmentEnd": "Fin",
  "label_appointmentType": "Type",
  "label_appointmentStatus": "État",
  "label_appointmentConsClinician": "Médecin en consultation",
  "label_appointmentInstructions": "Instructions",
  "calendar_header_appointments": "Agenda"

}
