{
  "global_dateFormat": "dd/MM/yyyy",
  "global_datetimeFormat": "dd/MM/yyyy hh:mm",
  "global_datetimeFormat2": "dd/MM/yy hh:mm",
  "global_chartDateFormat": "DD/MM/YY",
  "global_inputDateFormat": "dd/mm/yy",
  "global_calendar_locale":"pt-br",

  "header_configuration":"Configuração",

  "label_patientSearchTitle": "Pesquisar Paciente - FHIR PDQm",
  "label_fullname": "Nome",
  "label_address": "Endereço",
  "btn_EHR": "Visualizar RES",
  "placeholder_firstname": "Nome",
  "tooltip_firstname": "Nome do Paciente",
  "placeholder_birthDate": "Dt. Nascimento",
  "placeholder_lastname": "Sobrenome",
  "placeholder_address": "Endereço",
  "tooltip_address": "Endereço",
  "btn_patientsSearch": "Pesquisar Pacientes",
  "table_noDataMessage": "Sem dados para exibição",
  "header_seachResults": "Resultados da Pesquisa",
  "tooltip_lastname": "Sobrenome do Paciente",
  "label_birthDate": "Dt. Nascimento",
  "label_gender": "Gênero",
  "placeholder_gender" : "Gênero",
  "placeholder_identifier" : "Idenfificador",
  "tooltip_identifier" : "Idenfificador",

  "male": "masculino",
  "female": "feminino",
  "inpatient": "interno",
  "outpatient": "externo",
  "emergency": "emergencial",
  "Heart Rate" : "Frequência Cardíaca",
  "BP Diastolic" : "Pressão Diastólica",
  "BP Systolic" : "Pressão Sistólica",
  "Respiratory Rate" : "Frequência Respitatória",
  "Body Temperature" : "Temperatura",
  "all" : "todos",
  "Active" : "Ativo",
  "active" : "ativo",
  "routine" : "rotina",
  "partial" : "parcial",
  "in-progress" : "em andamento",
  "noshow" : "não compareceu",

  "label_phoneHome" : "Telefone 1",
  "label_phoneWork" : "Telefone 2",
  "label_addressCity": "Cidade",
  "label_addressState": "UF",
  "label_firstname": "Nome",
  "label_lastname": "Sobrenome",
  "label_postalCode": "CEP",
  "label_identifiers": "Identificadores",
  "header_demographics": "Dados Demográficos",
  "label_deceased": "falecido",

  "header_encounters": "Atendimentos",
  "table_header_encounters":"Lista de Atendimentos",
  "col_header_encounterAdmissionDate": "Admissão",
  "col_header_encounterType": "Tipo",
  "col_header_encounterFacility": "Estabelecimento",
  "col_header_encounterNumber": "Atendimento",
  "col_header_encounterWard": "Local",
  "col_header_encounterDischargeDate": "Alta",
  "calendar_header_encounters": "Calendário Últimos Atendimentos",
  "label_encounterAdmissionDate": "Admissão",
  "label_encounterType": "Tipo",
  "label_encounterFacility": "Estabelecimento",
  "label_encounterNumber": "Id. Atendimento",
  "label_encounterWard": "Local",
  "label_encounterClinician": "Profissional Atend.",
  "label_encounterDischargeDate": "Alta",

  "header_diagnoses": "Diagnósticos",
  "table_header_diagnoses":"Lista de Diagnósticos",
  "col_header_diagnosisName": "Diagnóstico",
  "col_header_diagnosisDateRecorded": "Dt.Registro",
  "col_header_diagnosisAsserter": "Responsável Registro",
  "label_diagnosisName": "Diagnóstico",
  "label_diagnosisDateRecorded": "Data Registro",
  "label_diagnosisAsserter": "Responsável Registro",
  "label_diagnosisStatus": "Status Clínico",
  "label_diagnosisCategory": "Categoria",
  "label_diagnosisLastUpdated": "Data Atualização",

  "chart_summaryEncountersTitle": "Atendimentos",
  "chart_summaryEncountersSubtitle": "Número de episódios",
  "chart_summaryAllergiesTitle": "Intolerância / Alergias",
  "chart_summaryAllergiesSubtitle": "Número de registros",
  "chart_summaryLaboratoryTitle": "Exames Laboratoriais",
  "chart_summaryLaboratorySubtitle": "Número de resultados",
  "chart_summaryDiagnosisInitials": "DG",
  "chart_summaryDiagnosisTitle": "Diagnósticos",
  "chart_summaryVitalsInitials": "SV",
  "chart_summaryVitalsTitle": "Sinais Vitais",
  "chart_summaryMedicationsInitials": "MD",
  "chart_summaryMedicationsTitle": "Medicações",
  "chart_summaryRadiologyInitials": "IM",
  "chart_summaryRadiologyTitle": "Exames de Imagem",
  "lastEncounters_header_summary": "Últimos Atendimentos",
  "calendar_header_summary": "Calendário Últimos Atendimentos",

  "topmenu_messages": "Mensagens",
  "topmenu_configuration": "Config.",
  "topbar_ageYears": "ano(s)",
  "topbar_ageMonths": "mese(s)",

  "menu_summary": "Sumário",
  "menu_demographics": "Demográficos",
  "menu_encounters": "Atendimentos",
  "menu_diagnosis": "Diagnósticos",
  "menu_labReports": "Ex. Laboratoriais",
  "menu_radReports": "Ex. de Imagem",
  "menu_vitals": "Sinais Vitais",
  "menu_allergies": "Alergias",
  "menu_medications": "Medicações",
  "menu_appointments": "Agendamentos",
  "menu_procedures": "Procedimentos",
  "menu_patientSearch": "Pesquisa de Pacientes (PDQm)",
  "menu_exit": "Sair",
  "menu_informationExchange": "Information Exchange",
  "menu_fhirClinicalData": "Registro Eletrônico de Saúde (FHIR)",

  "header_labReports": "Exames Laboratoriais",
  "header_radReports": "Exames de Imagem",
  "placeholder_testSearch": "Pesquisar Exames",
  "col_header_test": "Exame",
  "col_header_result": "Resultado",
  "label_allTests": "TODOS",

  "table_header_results": "Resultados Exame",
  "table_header_order": "Pedido",
  "col_header_resultItem": "Itens de Exame",
  "col_header_referenceRange": "Valores de Referência",
  "header_chartTitleResults": "Resultado Evolutivo",
  "btn_chartBackToResults": "Result.",

  "header_orderDetails": "Detalhes do Pedido",
  "label_orderDetailsNumber": "Número do Pedido",
  "label_orderDetailsItem": "Item do Pedido",
  "label_orderDetailsPrescriber": "Prescritor",
  "label_orderDetailsLastUpdated": "Dt. Atualização",
  "label_orderDetailsPriority": "Prioridade",
  "label_orderDetailsStatus": "Status",

  "header_allergies": "Alergias",
  "table_header_allergies":"Lista de Alergias",
  "col_header_allergySubstance": "Substância",
  "col_header_allergyReaction": "Reação",
  "col_header_allergyCategory": "Categoria",
  "label_allergyStatus": "Status Clínico",
  "label_allergyReaction": "Reação",
  "label_allergySubstance": "Substância",
  "label_allergyPartRecorder": "Responsável Registro",
  "label_allergyLastUpdated": "Data Atualização",

  "table_header_vitals":"Sinais Vitais",
  "col_header_vitalsObsItems": "Itens de Observação",

  "header_medications": "Medicações",
  "table_header_medOrder": "Prescrições",
  "col_header_medOrderDate": "Prescrito em",
  "col_header_medOrderPrescriber": "Profissional",
  "col_header_medOrderMedication": "Medicação/Droga",
  "col_header_medOrderStartDate": "Iniciar em",
  "label_medOrderDate": "Data Prescrição",
  "label_medOrderStatus": "Status",
  "label_medOrderMedication": "Medicação/Droga",
  "label_medOrderStartDate": "Instruções (Início)",
  "label_medOrderRoute": "Instruções (Rota)",
  "label_medOrderRouteDose": "Instruções (Dosagem)",
  "label_medOrderPeriod": "Instruções (Periodo)",
  "label_medOrderPrescriber": "Prescritor",

  "table_header_dispense": "Dispensações",
  "col_header_dispenseStartDate": "Inicio",
  "col_header_dispenseStatus": "Status",
  "col_header_dispenseMedication": "Medicação/Droga",
  "col_header_dispensePrescriber": "Prof. Prescritor",
  "col_header_dispenseOrderDate": "Data Prescrição",
  "label_dispenseStatus": "Status",
  "label_dispenseOrderDate": "Data Prescrição",
  "label_dispenseStartDate": "Instruções (Início)",
  "label_dispenseMedication": "Medicação/Droga",
  "label_dispenseRoute": "Instruções (Rota)",
  "label_dispenseRouteDose": "Instruções (Dosagem)",
  "label_dispensePeriod": "Instruções (Periodo)",
  "label_dispensePrescriber": "Prescritor",

  "header_procedures": "Procedimentos",
  "col_header_procedure": "Procedimento",
  "col_header_procedureDate": "Realizado em",
  "col_header_procedurePerformer": "Responsável",
  "label_procedure": "Procedimento",
  "label_procedureDate": "Data Realização",
  "label_procedurePerformer": "Responsável Execução",
  "label_procedureLastUpdated": "Data Atualização",

  "header_appointments": "Agendamentos",
  "table_header_appointments":"Lista de Agendamentos",
  "col_header_appointmentStart": "Inicio",
  "col_header_appointmentEnd": "Término",
  "col_header_appointmentType": "Tipo",
  "col_header_appointmentFacility": "Estabelecimento",
  "col_header_appointmentStatus": "Status",
  "label_appointmentStart": "Início",
  "label_appointmentEnd": "Término",
  "label_appointmentType": "Tipo",
  "label_appointmentStatus": "Status",
  "label_appointmentConsClinician": "Profissional",
  "label_appointmentInstructions": "Instruções",
  "calendar_header_appointments": "Calendário"

}
